"Time (s)","Latitude (째)","Longitude (째)","Height (m)","Velocity (m/s)","Direction (째)","Horizontal Accuracy (m)","Vertical Accuracy (째)"
6.891965866E-3,6.061872602E1,2.484999192E1,9.265630778E1,6.484038662E-1,1.110588306E2,3.795014000E0,6.234628261E0
7.636725903E-2,6.061872960E1,2.484999476E1,9.159461232E1,6.762866676E-2,NaN,2.669041669E0,4.372857094E0
1.254881024E0,6.061872943E1,2.484999621E1,9.073926834E1,9.981767833E-2,NaN,2.529583359E0,3.574735641E0
2.255367756E0,6.061873033E1,2.484999621E1,9.073923599E1,9.981767833E-2,0.000000000E0,4.748651530E0,6.710660003E0
3.255816340E0,6.061872943E1,2.484999621E1,9.073923599E1,0.000000000E0,NaN,4.748651530E0,6.223434929E0
4.256227255E0,6.061872943E1,2.484999621E1,9.073923599E1,0.000000000E0,1.684738062E2,4.748651530E0,6.624301549E0
5.256630301E0,6.061871255E1,2.484999266E1,9.156380926E1,6.450582743E-1,1.704911403E2,4.748651530E0,6.710803751E0
6.256985188E0,6.061870097E1,2.484999095E1,9.163516052E1,8.429222703E-1,1.665016009E2,4.748651530E0,6.719934632E0
7.257319927E0,6.061868713E1,2.484998287E1,9.169725779E1,8.429222703E-1,1.784635543E2,4.748651530E0,6.798579094E0
8.257626176E0,6.061867331E1,2.484998520E1,9.194617398E1,1.030724525E0,1.825408483E2,4.748651530E0,6.792848401E0
9.257918239E0,6.061865690E1,2.484998767E1,9.232257067E1,1.238628149E0,1.860969713E2,4.748651530E0,6.930954505E0
1.025818062E1,6.061864602E1,2.484998659E1,9.228898649E1,1.238628149E0,1.849399649E2,4.748651530E0,6.746754074E0
1.125841725E1,6.061863417E1,2.484997985E1,9.210872597E1,1.236452460E0,1.884411187E2,4.748651530E0,6.409081128E0
1.225864315E1,6.061862628E1,2.484998461E1,9.209555248E1,1.221699715E0,1.796681672E2,4.748651530E0,6.510477988E0
1.325885069E1,6.061861368E1,2.484998820E1,9.217333947E1,1.235336065E0,1.785950219E2,4.748651530E0,6.585716962E0
1.425904691E1,6.061860150E1,2.484999095E1,9.197111474E1,1.276623368E0,1.772867816E2,4.748651530E0,8.206282672E0
1.525922859E1,6.061858925E1,2.484999002E1,9.190065388E1,1.275604844E0,1.794259005E2,4.748651530E0,8.826647701E0
1.625940073E1,6.061857566E1,2.484998839E1,9.188560412E1,1.276623368E0,1.817730805E2,4.748651530E0,9.351171277E0
1.725955999E1,6.061856201E1,2.484998891E1,9.214854388E1,1.322056413E0,1.807066425E2,4.748651530E0,1.024748356E1
1.825971103E1,6.061854741E1,2.484998593E1,9.225896422E1,1.360511661E0,1.825953940E2,4.748651530E0,1.126708081E1
1.925985169E1,6.061853509E1,2.484998064E1,9.247533703E1,1.354174733E0,1.868446443E2,4.748651530E0,1.213115812E1
2.025998223E1,6.061852120E1,2.484998585E1,9.255345755E1,1.360511661E0,1.772251597E2,4.748651530E0,1.266509643E1
2.126010489E1,6.061850725E1,2.484998540E1,9.255240473E1,1.400637627E0,1.788107876E2,4.748651530E0,1.330092159E1
2.226022005E1,6.061849639E1,2.484997034E1,9.447346079E1,1.307495497E0,1.816596895E2,4.878636048E0,3.082065707E0
2.326032722E1,6.061848272E1,2.484996646E1,9.419029376E1,1.418868833E0,1.828496065E2,4.106088843E0,3.000000000E0
2.426042771E1,6.061847146E1,2.484996652E1,9.424925356E1,1.365679955E0,1.846621190E2,3.838964954E0,3.000000000E0
2.526052046E1,6.061845858E1,2.484996259E1,9.400271489E1,1.419320970E0,1.841895688E2,3.767028860E0,3.000000000E0
2.626060784E1,6.061844839E1,2.484996768E1,9.405848204E1,1.344303186E0,1.820801700E2,3.647453186E0,3.000000000E0
2.726069009E1,6.061843336E1,2.484996988E1,9.423395243E1,1.537027950E0,1.827518138E2,3.780023860E0,4.397912611E0
2.826076579E1,6.061842048E1,2.484996976E1,9.409929109E1,1.600693931E0,1.821106041E2,3.819996068E0,4.666184685E0
2.926083732E1,6.061840801E1,2.484996985E1,9.391677080E1,1.575702017E0,1.805030302E2,3.943614192E0,4.965066634E0
3.026090395E1,6.061839442E1,2.484996829E1,9.402594548E1,1.611660264E0,1.818780980E2,3.967501633E0,5.145940058E0
3.126096547E1,6.061838048E1,2.484996970E1,9.391812394E1,1.613545215E0,1.810962769E2,3.842425558E0,4.984185708E0
3.226102424E1,6.061836654E1,2.484996961E1,9.404256572E1,1.605044527E0,1.816234599E2,3.867174739E0,5.313996623E0
3.326107776E1,6.061835196E1,2.484996739E1,9.403197068E1,1.617032431E0,1.830773141E2,3.911157741E0,5.458393464E0
3.426112747E1,6.061833842E1,2.484996352E1,9.410871353E1,1.612289193E0,1.853127595E2,3.990688891E0,5.424567721E0
3.526117396E1,6.061832478E1,2.484995992E1,9.393275523E1,1.607026579E0,1.863909482E2,3.993729875E0,5.379446894E0
3.626121795E1,6.061831071E1,2.484996491E1,9.388710373E1,1.629187005E0,1.787314654E2,3.878721991E0,5.161500921E0
3.726125860E1,6.061829730E1,2.484996405E1,9.401074215E1,1.622283663E0,1.795468352E2,3.849843924E0,5.078479452E0
3.826129532E1,6.061828434E1,2.484996047E1,9.393309746E1,1.622016158E0,1.828740450E2,3.828561057E0,5.020367168E0
3.926133120E1,6.061827089E1,2.484995541E1,9.397588450E1,1.636052212E0,1.863760468E2,3.817870091E0,4.961397257E0
4.026136327E1,6.061825778E1,2.484994927E1,9.392693498E1,1.625371948E0,1.899480041E2,3.797012687E0,4.917510134E0
4.126139283E1,6.061824507E1,2.484994877E1,9.390667189E1,1.606638387E0,1.864616196E2,3.797778264E0,4.896840429E0
4.226142061E1,6.061823180E1,2.484994245E1,9.384354911E1,1.620137972E0,1.888751606E2,3.769807373E0,4.933728794E0
4.326144636E1,6.061821857E1,2.484993886E1,9.376452373E1,1.631852600E0,1.884409223E2,3.732645216E0,4.799427697E0
4.426147115E1,6.061820453E1,2.484994615E1,9.364621178E1,1.643064328E0,1.783895897E2,3.729710148E0,4.857997815E0
4.526149249E1,6.061819183E1,2.484994235E1,9.373136422E1,1.627977632E0,1.817264481E2,3.686479507E0,4.725002954E0
4.626151240E1,6.061817834E1,2.484993556E1,9.444175514E1,1.613250139E0,1.873620146E2,3.664434218E0,4.730190213E0
4.726153290E1,6.061816536E1,2.484993877E1,9.393722813E1,1.614726392E0,1.825778834E2,3.631110821E0,4.901348345E0
4.826154912E1,6.061815184E1,2.484994153E1,9.406723794E1,1.613755084E0,1.789446413E2,3.620615418E0,4.880267856E0
4.926156461E1,6.061813804E1,2.484994103E1,9.441484425E1,1.627059983E0,1.794759456E2,3.618045469E0,5.066994622E0
5.026157904E1,6.061812440E1,2.484993604E1,9.442310755E1,1.623303715E0,1.842930104E2,3.577378206E0,4.983328419E0
5.126159608E1,6.061811047E1,2.484993280E1,9.424246038E1,1.634288691E0,1.863017748E2,3.551118725E0,4.747464643E0
5.226160514E1,6.061809929E1,2.484994066E1,9.391966308E1,1.355846944E0,1.752933302E2,3.530952247E0,4.633487713E0
5.326161587E1,6.061808682E1,2.484994098E1,9.431378651E1,1.405499009E0,1.768219793E2,3.496233181E0,3.967853297E0
5.426162672E1,6.061807402E1,2.484993614E1,9.424274432E1,1.338569282E0,1.838850218E2,3.538015427E0,4.386826555E0
5.526163554E1,6.061805856E1,2.484994517E1,9.420075645E1,1.538647593E0,1.742952115E2,3.535833141E0,4.002763682E0
5.626164329E1,6.061804723E1,2.484994741E1,9.442634134E1,1.342887213E0,1.740920346E2,3.543505592E0,4.507771318E0
5.726165104E1,6.061803370E1,2.484994679E1,9.450034511E1,1.371700135E0,1.782137775E2,3.493228807E0,4.219775399E0
5.826165819E1,6.061801993E1,2.484995547E1,9.446267912E1,1.424638837E0,1.711865507E2,3.498832180E0,4.322188697E0
5.926166368E1,6.061800713E1,2.484996670E1,9.492591178E1,1.346514333E0,1.629645468E2,3.474825983E0,4.271523998E0
6.026166928E1,6.061799226E1,2.484996322E1,9.501764062E1,1.425226722E0,1.749897643E2,3.491343554E0,4.093409574E0
6.126167285E1,6.061797540E1,2.484997782E1,9.492901080E1,1.684676788E0,1.659470272E2,3.553385179E0,3.860363025E0
6.226167834E1,6.061796557E1,2.484999275E1,9.486473642E1,1.373721998E0,1.544064146E2,3.575269452E0,4.498397058E0
6.326168072E1,6.061795229E1,2.484999718E1,9.512170171E1,1.328828610E0,1.618541160E2,3.577958182E0,4.473554533E0
6.426168358E1,6.061793842E1,2.485000921E1,9.551357739E1,1.467717420E0,1.594104081E2,3.544687448E0,4.133409367E0
6.526168656E1,6.061792833E1,2.485002426E1,9.514057860E1,1.311115695E0,1.518131050E2,3.541799403E0,4.632886114E0
6.626168752E1,6.061791651E1,2.485004103E1,9.509174758E1,1.443608263E0,1.485548022E2,3.567467437E0,4.185472782E0
6.726168978E1,6.061790064E1,2.485005511E1,9.434628253E1,1.634603598E0,1.526226376E2,3.578328876E0,4.109474758E0
6.826169133E1,6.061789110E1,2.485006430E1,9.397064541E1,1.307405994E0,1.540312246E2,3.587847347E0,4.672209054E0
6.926169169E1,6.061787703E1,2.485007897E1,9.391975932E1,1.492122690E0,1.537260866E2,3.607397422E0,4.098880948E0
7.026169121E1,6.061786646E1,2.485009178E1,9.402842413E1,1.313935266E0,1.521988008E2,3.657610447E0,4.813318729E0
7.126169193E1,6.061785494E1,2.485010111E1,9.375832427E1,1.313052480E0,1.545594813E2,3.683551669E0,4.179808562E0
7.226169133E1,6.061784084E1,2.485011914E1,9.374820943E1,1.535133959E0,1.508135434E2,3.708653876E0,4.175103589E0
7.326169050E1,6.061783071E1,2.485013322E1,9.362335945E1,1.328689726E0,1.485374316E2,3.652408024E0,4.870439951E0
7.426168954E1,6.061782007E1,2.485014939E1,9.382686129E1,1.386432779E0,1.458450091E2,3.646003945E0,4.374677727E0
7.526169062E1,6.061780580E1,2.485016029E1,9.391583070E1,1.476927528E0,1.527674472E2,3.692575047E0,4.500751404E0
7.626168787E1,6.061779201E1,2.485017079E1,9.345557816E1,1.334762787E0,1.576063620E2,3.704657103E0,4.970495975E0
7.726168668E1,6.061778065E1,2.485018952E1,9.341524442E1,1.445513509E0,1.497101529E2,3.678961296E0,4.373424512E0
7.826168406E1,6.061776993E1,2.485020091E1,9.356758738E1,1.307527983E0,1.507827002E2,3.637003608E0,4.680183846E0
7.926168215E1,6.061775612E1,2.485021266E1,9.356730601E1,1.464484646E0,1.544216490E2,3.612736880E0,4.207842023E0
8.026167977E1,6.061774186E1,2.485022662E1,9.354594710E1,1.687211749E0,1.543005867E2,3.591437400E0,4.594454028E0
8.126167774E1,6.061772917E1,2.485024147E1,9.340607698E1,1.685523240E0,1.520510113E2,3.553800272E0,4.679745545E0
8.226167512E1,6.061771641E1,2.485025528E1,9.339733675E1,1.706573198E0,1.520215955E2,3.521981378E0,4.680861716E0
8.326167274E1,6.061770288E1,2.485026452E1,9.342058163E1,1.702884385E0,1.555791617E2,3.533393000E0,4.731976791E0
8.426166964E1,6.061768996E1,2.485027740E1,9.336198993E1,1.694875466E0,1.547916062E2,3.485018431E0,4.638566832E0
8.526166630E1,6.061767962E1,2.485030113E1,9.296035144E1,1.714393604E0,1.442485464E2,3.510670170E0,4.745209710E0
8.626166344E1,6.061766703E1,2.485030788E1,9.288643090E1,1.653794290E0,1.521603275E2,3.485310566E0,4.651676674E0
8.726165962E1,6.061765386E1,2.485032038E1,9.281484621E1,1.692787230E0,1.545233720E2,3.467963661E0,4.611530561E0
8.826165712E1,6.061763979E1,2.485033326E1,9.296321539E1,1.728590535E0,1.544301116E2,3.427788579E0,4.624318026E0
8.926165259E1,6.061762612E1,2.485033978E1,9.286186403E1,1.696814651E0,1.585836297E2,3.450988477E0,4.680171557E0
9.026164961E1,6.061761119E1,2.485033787E1,9.261451253E1,1.659986587E0,1.700598127E2,3.489139972E0,4.663086672E0
9.126164627E1,6.061759898E1,2.485034250E1,9.247410022E1,1.642704912E0,1.713729623E2,3.552556256E0,4.696070960E0
9.226164269E1,6.061758429E1,2.485035176E1,9.258808106E1,1.692195135E0,1.677074949E2,3.624936312E0,4.756026960E0
9.326163900E1,6.061757049E1,2.485036557E1,9.254287960E1,1.692935998E0,1.609867723E2,3.672370469E0,4.822119457E0
9.426163447E1,6.061755593E1,2.485037007E1,9.260557199E1,1.666247607E0,1.643382312E2,3.781379514E0,4.921731394E0
9.526163137E1,6.061754133E1,2.485036858E1,9.273869417E1,1.638675129E0,1.744720348E2,3.883208191E0,5.081419763E0
9.626162696E1,6.061752677E1,2.485037139E1,9.276341254E1,1.705088368E0,1.753779904E2,3.922894580E0,5.223401195E0
9.726162267E1,6.061751295E1,2.485038058E1,9.278878186E1,1.700002932E0,1.702469341E2,3.912444804E0,5.235468355E0
9.826161861E1,6.061749932E1,2.485038938E1,9.301544211E1,1.686560659E0,1.669738279E2,3.906434420E0,5.074454489E0
9.926161468E1,6.061748553E1,2.485039797E1,9.333262260E1,1.682143511E0,1.646744130E2,3.902977644E0,4.986477321E0
1.002616102E2,6.061746999E1,2.485039806E1,9.355507830E1,1.703280375E0,1.703702500E2,3.924185235E0,5.068785055E0
1.012616057E2,6.061745552E1,2.485039970E1,9.328661456E1,1.702099745E0,1.731753880E2,3.901459650E0,5.037319914E0
1.022616022E2,6.061744214E1,2.485040100E1,9.313717146E1,1.652937444E0,1.747185914E2,3.897000367E0,5.109174535E0
1.032615974E2,6.061742799E1,2.485040451E1,9.311036897E1,1.677055637E0,1.736594276E2,3.898256411E0,5.064940399E0
1.042615936E2,6.061741461E1,2.485040851E1,9.315426788E1,1.695502795E0,1.713805596E2,3.866999213E0,5.060953841E0
1.052615880E2,6.061740061E1,2.485041264E1,9.299123864E1,1.684464261E0,1.710093745E2,3.859029048E0,5.097309641E0
1.062615833E2,6.061738665E1,2.485041683E1,9.314147071E1,1.700512416E0,1.716895231E2,3.868993875E0,5.099047053E0
1.072615795E2,6.061737077E1,2.485041828E1,9.285548053E1,1.711134672E0,1.740258910E2,3.834930969E0,4.966603382E0
1.082615745E2,6.061735432E1,2.485041836E1,9.333087197E1,1.727006769E0,1.768570909E2,3.802194906E0,4.993104684E0
1.092615705E2,6.061733914E1,2.485043005E1,9.388411864E1,1.699666695E0,1.687310431E2,3.798703208E0,4.945111016E0
1.102615650E2,6.061732354E1,2.485043241E1,9.383410932E1,1.727713169E0,1.718847841E2,3.813585119E0,5.074611099E0
1.112615607E2,6.061731027E1,2.485043678E1,9.336267557E1,1.703756230E0,1.729448535E2,3.780453306E0,5.123728835E0
1.122615564E2,6.061729309E1,2.485043681E1,9.288724053E1,1.738835439E0,1.759516898E2,3.749953188E0,4.911656913E0
1.132615509E2,6.061727724E1,2.485044362E1,9.283608646E1,1.738950191E0,1.715252991E2,3.760110585E0,4.896465190E0
1.142615465E2,6.061726103E1,2.485043961E1,9.320064044E1,1.747399775E0,1.793774054E2,3.767810971E0,4.850799043E0
1.152615415E2,6.061724510E1,2.485043819E1,9.305730027E1,1.730675093E0,1.808311006E2,3.774865764E0,4.918195644E0
1.162615368E2,6.061722768E1,2.485043634E1,9.319216225E1,1.763986003E0,1.821447424E2,3.740371706E0,4.854266869E0
1.172615318E2,6.061721173E1,2.485044134E1,9.325930487E1,1.746247835E0,1.768275838E2,3.671858785E0,4.852741345E0
1.182615278E2,6.061719650E1,2.485044147E1,9.342777423E1,1.501464466E0,1.779152444E2,3.601172076E0,4.864262046E0
1.192615229E2,6.061718167E1,2.485044496E1,9.330191225E1,1.528024087E0,1.754578911E2,3.600242801E0,4.837000459E0
1.202615176E2,6.061716425E1,2.485044114E1,9.320234674E1,1.499276854E0,1.821208876E2,3.584467962E0,4.839147064E0
1.212624640E2,6.061714812E1,2.485044771E1,9.334353480E1,1.508850926E0,1.750832446E2,3.565670584E0,4.913422977E0
1.222624723E2,6.061713161E1,2.485043983E1,9.371939372E1,1.487876326E0,1.849152532E2,3.510060126E0,4.763034930E0
1.232624489E2,6.061711451E1,2.485043822E1,9.361964446E1,1.525441433E0,1.847709109E2,3.472889853E0,4.708444822E0
1.242624356E2,6.061709735E1,2.485044046E1,9.379068904E1,1.521575925E0,1.790946936E2,3.428398994E0,4.698437582E0
1.252624233E2,6.061708026E1,2.485044103E1,9.367913650E1,1.530054491E0,1.785261223E2,3.390969716E0,4.596329597E0
1.262623982E2,6.061706141E1,2.485043765E1,9.352776556E1,1.533979884E0,1.817623815E2,3.392325193E0,4.654609072E0
1.272623820E2,6.061704569E1,2.485044260E1,9.383649619E1,1.495365524E0,1.755743824E2,3.387127409E0,4.781235139E0
1.282623661E2,6.061702872E1,2.485043894E1,9.383175091E1,1.529824938E0,1.803750384E2,3.355623200E0,4.734628028E0
1.292623447E2,6.061701346E1,2.485044484E1,9.376812834E1,1.524583748E0,1.742696159E2,3.316851285E0,4.692485681E0
1.302623353E2,6.061699711E1,2.485044446E1,9.346733824E1,1.512799690E0,1.773178417E2,3.272869506E0,4.700000584E0
1.312623277E2,6.061697994E1,2.485044768E1,9.368422244E1,1.531158497E0,1.749366612E2,3.267696566E0,4.495386493E0
1.322623093E2,6.061696309E1,2.485045078E1,9.357130852E1,1.511438916E0,1.740918465E2,3.288809473E0,4.452945096E0
1.332623014E2,6.061694601E1,2.485045068E1,9.355497163E1,1.502209044E0,1.772680503E2,3.305362967E0,4.647936017E0
1.342622955E2,6.061692975E1,2.485045566E1,9.394743874E1,1.488980032E0,1.740042481E2,3.317936947E0,4.655656961E0
1.352622758E2,6.061691232E1,2.485045604E1,9.379856551E1,1.514621915E0,1.762828076E2,3.355683425E0,4.691647801E0
1.362622620E2,6.061689584E1,2.485045893E1,9.338967445E1,1.466690374E0,1.749253853E2,3.387380564E0,4.776603583E0
1.372622498E2,6.061687701E1,2.485046039E1,9.311724138E1,1.490129454E0,1.759179726E2,3.401020535E0,4.740720040E0
1.382622374E2,6.061685963E1,2.485046538E1,9.379132624E1,1.469910142E0,1.732510836E2,3.394069615E0,4.732882609E0
1.392622259E2,6.061684299E1,2.485046998E1,9.319569847E1,1.473511678E0,1.724246346E2,3.427678136E0,4.665217179E0
1.402622141E2,6.061682658E1,2.485047653E1,9.324004181E1,1.482333107E0,1.699093768E2,3.408858246E0,4.603999261E0
1.412622033E2,6.061681139E1,2.485048785E1,9.304019144E1,1.470993951E0,1.638169697E2,3.417283815E0,4.518649159E0
1.422621930E2,6.061679452E1,2.485049520E1,9.297356286E1,1.501573966E0,1.657288169E2,3.385093466E0,4.396217329E0
1.432621824E2,6.061677872E1,2.485050896E1,9.283723892E1,1.499001901E0,1.593833185E2,3.377989311E0,4.357921045E0
1.442621717E2,6.061676107E1,2.485051952E1,9.291808117E1,1.490910404E0,1.595322626E2,3.367308953E0,4.256554367E0
1.452621620E2,6.061674390E1,2.485053421E1,9.276417622E1,1.500787052E0,1.564411068E2,3.331680399E0,4.234620222E0
1.462621526E2,6.061672745E1,2.485055093E1,9.286799065E1,1.530982754E0,1.527678499E2,3.342262702E0,4.205530028E0
1.472621437E2,6.061671042E1,2.485057082E1,9.264872985E1,1.490890055E0,1.494161018E2,3.371763985E0,4.242747484E0
1.482621341E2,6.061669525E1,2.485059154E1,9.276372844E1,1.535412888E0,1.462445855E2,3.375736552E0,4.190906369E0
1.492621241E2,6.061667991E1,2.485061129E1,9.256700801E1,1.479481262E0,1.450758868E2,3.374362531E0,4.200354562E0
1.502621151E2,6.061666643E1,2.485063167E1,9.219381486E1,1.459483141E0,1.442974871E2,3.401549889E0,4.218168170E0
1.512621081E2,6.061665522E1,2.485065539E1,9.169863860E1,1.447816403E0,1.379387974E2,3.441307469E0,4.156509037E0
1.522620995E2,6.061664855E1,2.485068778E1,9.119640076E1,1.455125607E0,1.235551057E2,3.444170907E0,4.061031830E0
1.532620909E2,6.061663945E1,2.485071369E1,9.101242782E1,1.453618933E0,1.226016441E2,3.478705874E0,4.147958182E0
1.542620832E2,6.061662819E1,2.485074428E1,9.111380900E1,1.501045322E0,1.237327950E2,3.451395531E0,4.206010618E0
1.552620752E2,6.061661822E1,2.485077275E1,9.121818705E1,1.488549611E0,1.230169105E2,3.439565735E0,4.124505532E0
1.562620674E2,6.061660670E1,2.485080338E1,9.140353820E1,1.485281800E0,1.238668976E2,3.471559698E0,4.185233594E0
1.572620589E2,6.061659693E1,2.485083409E1,9.172478173E1,1.480130327E0,1.190803372E2,3.522038909E0,4.304892111E0
1.582620516E2,6.061658673E1,2.485086459E1,9.174145323E1,1.473584543E0,1.198159388E2,3.580012748E0,4.341290055E0
1.592620441E2,6.061657889E1,2.485089681E1,9.176105372E1,1.487513843E0,1.170427328E2,3.608878312E0,4.334103277E0
1.602620367E2,6.061657251E1,2.485092712E1,9.200943550E1,1.453656480E0,1.127212538E2,3.665190059E0,4.403859200E0
1.612620299E2,6.061656404E1,2.485095942E1,9.192459039E1,1.491952449E0,1.143811949E2,3.689974178E0,4.462495763E0
1.622620229E2,6.061655962E1,2.485099587E1,9.220680123E1,1.521537040E0,1.065809620E2,3.709006329E0,4.431204255E0
1.632620147E2,6.061655647E1,2.485103001E1,9.198035494E1,1.468697276E0,1.029076254E2,3.757158007E0,4.474889833E0
1.642620088E2,6.061655108E1,2.485106561E1,9.178660031E1,1.470394030E0,1.048717168E2,3.803514095E0,4.557784520E0
1.652620010E2,6.061654862E1,2.485110311E1,9.197627409E1,1.497530039E0,1.019889286E2,3.813730592E0,4.509587653E0
1.662619942E2,6.061654917E1,2.485113945E1,9.220144959E1,1.483384041E0,9.482319681E1,3.818832238E0,4.571079974E0
1.672619880E2,6.061654680E1,2.485117584E1,9.205066307E1,1.468214675E0,9.678117087E1,3.840628021E0,4.623294303E0
1.682619810E2,6.061654903E1,2.485121307E1,9.219414423E1,1.488178557E0,8.925905523E1,3.869276198E0,4.595878650E0
1.692619741E2,6.061654639E1,2.485124646E1,9.271716369E1,1.454363741E0,9.408423187E1,3.822312666E0,4.559164459E0
1.702619675E2,6.061654556E1,2.485128412E1,9.284262098E1,1.480591188E0,9.351537104E1,3.831914126E0,4.456746722E0
1.712619611E2,6.061654208E1,2.485131764E1,9.219378957E1,1.447755069E0,9.647672471E1,3.790595068E0,4.313618106E0
1.722619549E2,6.061654004E1,2.485135383E1,9.205377158E1,1.580113205E0,9.661080523E1,3.795639894E0,4.162671922E0
1.732619481E2,6.061653988E1,2.485139263E1,9.292412434E1,1.598133788E0,9.400017206E1,3.814541310E0,4.170143745E0
1.742619425E2,6.061654155E1,2.485142790E1,9.218380381E1,1.615402772E0,8.837088124E1,3.809439102E0,4.144203386E0
1.752619359E2,6.061654003E1,2.485146161E1,9.125500882E1,1.535771668E0,9.125258179E1,3.812440019E0,4.106364838E0
1.762619292E2,6.061653854E1,2.485149598E1,9.118103567E1,1.546821264E0,9.208912978E1,3.828835646E0,4.226335315E0
1.772619231E2,6.061653748E1,2.485153865E1,9.139747763E1,1.713603028E0,9.234709114E1,3.899524934E0,4.468724721E0
1.782619163E2,6.061653832E1,2.485157910E1,9.143046841E1,1.744989620E0,8.870196472E1,3.917307533E0,4.374654450E0
1.792619120E2,6.061653898E1,2.485161523E1,9.158296373E1,1.587501602E0,8.805327194E1,3.924774943E0,4.364112155E0
1.802619045E2,6.061654170E1,2.485164805E1,9.154375359E1,1.527273354E0,8.284695724E1,3.962993033E0,4.437066193E0
1.812618976E2,6.061654414E1,2.485167984E1,9.067324117E1,1.466747997E0,7.998355824E1,4.005755969E0,4.405166180E0
1.822618918E2,6.061654031E1,2.485171743E1,9.103141317E1,1.506959469E0,9.268168174E1,4.022308210E0,4.388221087E0
1.832608848E2,6.061654246E1,2.485175253E1,9.163130827E1,1.516224561E0,8.797325635E1,4.096814796E0,4.531611297E0
1.842608799E2,6.061654806E1,2.485178843E1,9.112831048E1,1.532944919E0,7.873241062E1,4.148752706E0,4.581184862E0
1.852608733E2,6.061654691E1,2.485182674E1,9.125951366E1,1.573542119E0,8.452337445E1,4.201551606E0,4.632201331E0
1.862608675E2,6.061654442E1,2.485186578E1,9.116799583E1,1.558263962E0,9.124082607E1,4.189499209E0,4.625973980E0
1.872608609E2,6.061654510E1,2.485190484E1,9.137040961E1,1.530596838E0,8.848024483E1,4.169389310E0,4.624403134E0
1.882608560E2,6.061654709E1,2.485194321E1,9.169350773E1,1.499461359E0,8.621496879E1,4.169389321E0,4.721838827E0
1.892608494E2,6.061654577E1,2.485198281E1,9.176726394E1,1.526275076E0,8.779187832E1,4.178377107E0,4.712044673E0
1.902608432E2,6.061654460E1,2.485202199E1,9.184529085E1,1.493920991E0,8.818197591E1,4.200247254E0,4.723484872E0
1.912608373E2,6.061654404E1,2.485206053E1,9.187368798E1,1.484171796E0,8.789414770E1,4.219859028E0,4.709219061E0
1.922608310E2,6.061654276E1,2.485209593E1,9.208574456E1,1.456397103E0,8.936459506E1,4.165811768E0,4.649919816E0
1.932608256E2,6.061654211E1,2.485213443E1,9.120619281E1,1.424236420E0,8.866831563E1,4.139601169E0,4.512713058E0
1.942608187E2,6.061654309E1,2.485216984E1,9.118762454E1,1.481828242E0,8.680942852E1,4.142867451E0,4.481337015E0
1.952608135E2,6.061654261E1,2.485222553E1,9.238789534E1,2.177241573E0,8.775609999E1,4.131042670E0,4.010996452E0
1.962608073E2,6.061653876E1,2.485226114E1,9.264625670E1,1.933096984E0,9.309430029E1,4.154856272E0,4.147689895E0
1.972608016E2,6.061653695E1,2.485229303E1,9.288777078E1,1.685800942E0,9.252575129E1,4.141997455E0,4.279692582E0
1.982607956E2,6.061653605E1,2.485232816E1,9.320557713E1,1.739263371E0,9.115539280E1,4.101372960E0,4.322225414E0
1.992607890E2,6.061652993E1,2.485235117E1,9.284146411E1,1.459346379E0,1.036750119E2,4.168112696E0,4.712675142E0
2.002607837E2,6.061652912E1,2.485238296E1,9.262416278E1,1.446086879E0,1.000645557E2,4.322876328E0,4.857021131E0
2.012607775E2,6.061653197E1,2.485241754E1,9.318200673E1,1.523525740E0,9.105561128E1,4.384708559E0,4.856217009E0
2.022607718E2,6.061653369E1,2.485244969E1,9.421117728E1,1.437177883E0,8.795154862E1,4.428412763E0,5.167825778E0
2.032607664E2,6.061652991E1,2.485248225E1,9.497142940E1,1.375896814E0,9.296699170E1,4.368984217E0,5.097265807E0
2.042607598E2,6.061652007E1,2.485252581E1,9.511893199E1,1.936594002E0,1.044306355E2,4.314741138E0,4.928955013E0
2.052607555E2,6.061652053E1,2.485255667E1,9.550246557E1,1.456792767E0,1.023129798E2,4.242297459E0,5.156858394E0
2.062607501E2,6.061651352E1,2.485259103E1,9.542157505E1,1.425557006E0,1.032811740E2,4.237676783E0,5.174055972E0
2.072607423E2,6.061650966E1,2.485263647E1,9.597870686E1,1.847200934E0,1.029175744E2,4.234353471E0,4.724523028E0
2.082607373E2,6.061650565E1,2.485266835E1,9.596767855E1,1.551806302E0,1.050037317E2,4.220314552E0,5.086300538E0
2.092607304E2,6.061649660E1,2.485270334E1,9.638880528E1,1.570421167E0,1.128488431E2,4.199333709E0,5.363530372E0
2.102607248E2,6.061648675E1,2.485273736E1,9.630355123E1,1.574135750E0,1.151082824E2,4.186681044E0,5.428586652E0
2.112607197E2,6.061648133E1,2.485277268E1,9.620216520E1,1.542333613E0,1.141445256E2,4.200129472E0,5.398167623E0
2.122607138E2,6.061647440E1,2.485280568E1,9.620095329E1,1.594882310E0,1.152923507E2,4.225993062E0,5.267893945E0
2.132607077E2,6.061646776E1,2.485283959E1,9.648937293E1,1.573463088E0,1.153472479E2,4.239159904E0,5.196089351E0
2.142607018E2,6.061645859E1,2.485287181E1,9.628849466E1,1.559908429E0,1.184810174E2,4.221415878E0,5.187916600E0
2.152606975E2,6.061644764E1,2.485290270E1,9.574116623E1,1.567859463E0,1.208773100E2,4.233609082E0,5.035002130E0
2.162606905E2,6.061643763E1,2.485293357E1,9.539828219E1,1.553790482E0,1.218785422E2,4.184889902E0,4.894027584E0
2.172606854E2,6.061642649E1,2.485296101E1,9.519322152E1,1.549749538E0,1.244933543E2,4.180159556E0,4.962814300E0
2.182606792E2,6.061641227E1,2.485298409E1,9.513436511E1,1.593503690E0,1.338379125E2,4.093904515E0,4.826804775E0
2.192606738E2,6.061640405E1,2.485301474E1,9.493826516E1,1.581540443E0,1.268751589E2,4.058403758E0,4.858829359E0
2.202606680E2,6.061639494E1,2.485304150E1,9.468982105E1,1.517521008E0,1.244815711E2,4.022786182E0,4.791774179E0
2.212606622E2,6.061638041E1,2.485306422E1,9.476071611E1,1.556065029E0,1.340696688E2,3.961899195E0,4.665976146E0
2.222606571E2,6.061636751E1,2.485308833E1,9.481889516E1,1.583005246E0,1.361874265E2,3.957695512E0,4.642514542E0
2.232606508E2,6.061635414E1,2.485311024E1,9.471692585E1,1.556618318E0,1.382253280E2,3.946672890E0,4.672277672E0
2.242606446E2,6.061633904E1,2.485312703E1,9.420318158E1,1.528099127E0,1.441050324E2,3.922101741E0,4.618276844E0
2.252606385E2,6.061632245E1,2.485314313E1,9.420259234E1,1.555846410E0,1.486305284E2,3.888141052E0,4.757777341E0
2.262606328E2,6.061630870E1,2.485316088E1,9.451016071E1,1.530157615E0,1.472166469E2,3.865145412E0,4.574967899E0
2.272606267E2,6.061629327E1,2.485317593E1,9.438805591E1,1.565352946E0,1.500932189E2,3.820231942E0,4.544959556E0
2.282606238E2,6.061627481E1,2.485318673E1,9.377367763E1,1.538976320E0,1.564353530E2,3.810410759E0,4.460095542E0
2.292606164E2,6.061625813E1,2.485321453E1,9.410905399E1,1.615166491E0,1.470170925E2,3.813906046E0,4.531221617E0
2.302606102E2,6.061623985E1,2.485323339E1,9.475858883E1,1.593621322E0,1.528516957E2,3.816967174E0,4.666161507E0
2.312606045E2,6.061621767E1,2.485324069E1,9.401945142E1,1.590868993E0,1.623666418E2,3.834095395E0,4.766648084E0
2.322605983E2,6.061619622E1,2.485325680E1,9.437210919E1,1.599381297E0,1.591604892E2,3.888992135E0,4.887359070E0
2.332605933E2,6.061617494E1,2.485326031E1,9.411548785E1,1.625059674E0,1.674854347E2,3.941740221E0,4.981429039E0
2.342605878E2,6.061615229E1,2.485327515E1,9.443401036E1,1.634071253E0,1.634975945E2,4.033163128E0,4.961580340E0
2.352605815E2,6.061612908E1,2.485328365E1,9.467123478E1,1.606914528E0,1.682269401E2,4.136026978E0,5.148238438E0
2.362605749E2,6.061610466E1,2.485329535E1,9.478657151E1,1.709893851E0,1.688220558E2,4.204360625E0,5.273432321E0
2.372605703E2,6.061607932E1,2.485330660E1,9.470707509E1,1.714442541E0,1.689004502E2,4.328421641E0,5.442660621E0
2.382605649E2,6.061605348E1,2.485332271E1,9.437719641E1,1.793791043E0,1.634949850E2,4.349495210E0,5.463020424E0
2.392605585E2,6.061602644E1,2.485332968E1,9.453869187E1,1.825398263E0,1.684361737E2,4.398743564E0,5.579526050E0
2.402605528E2,6.061599828E1,2.485333881E1,9.482208955E1,1.842789066E0,1.697892779E2,4.502940895E0,5.731325178E0
2.412605474E2,6.061596910E1,2.485334199E1,9.458888473E1,2.010294130E0,1.754232732E2,4.586106583E0,5.835051307E0
2.422605414E2,6.061593918E1,2.485334927E1,9.457727465E1,1.939011997E0,1.761628747E2,4.669599485E0,5.965896151E0
2.432605362E2,6.061590748E1,2.485335976E1,9.496824065E1,2.106738024E0,1.712904218E2,4.719034394E0,5.947864307E0
2.442605294E2,6.061587606E1,2.485337167E1,9.524811523E1,2.234934823E0,1.701765658E2,4.768396739E0,5.859444751E0
2.452605238E2,6.061584473E1,2.485337810E1,9.534034967E1,2.234143559E0,1.735257734E2,4.818259628E0,5.828391401E0
2.462605187E2,6.061580975E1,2.485337481E1,9.558706086E1,2.395122459E0,1.810034042E2,4.847973305E0,6.082822703E0
2.472614380E2,6.061577858E1,2.485337343E1,9.521785300E1,2.234014510E0,1.825675726E2,4.875698291E0,6.101351376E0
2.482614421E2,6.061574658E1,2.485336993E1,9.500674377E1,2.288336476E0,1.836017375E2,4.877953770E0,5.768710522E0
2.492614259E2,6.061571632E1,2.485336959E1,9.464498468E1,2.297422688E0,1.818677402E2,4.873697561E0,5.862610130E0
2.502614237E2,6.061568720E1,2.485336630E1,9.439146553E1,2.206226293E0,1.829964599E2,4.905183414E0,5.838824931E0
2.512614220E2,6.061565583E1,2.485335386E1,9.438209261E1,2.312643896E0,1.880490449E2,4.868343020E0,5.839653527E0
2.522614099E2,6.061562247E1,2.485333097E1,9.468991536E1,2.496456363E0,1.960156878E2,4.911126938E0,5.812398623E0
2.532614092E2,6.061559149E1,2.485329924E1,9.484239867E1,2.709366344E0,2.050613975E2,4.890480959E0,5.682615467E0
2.542614114E2,6.061555578E1,2.485328978E1,9.443734925E1,3.041219302E0,1.967470479E2,4.862100930E0,5.181540035E0
2.552614009E2,6.061552694E1,2.485328032E1,9.438614097E1,2.858078107E0,1.924895891E2,4.785292206E0,5.052487116E0
2.562613974E2,6.061549764E1,2.485326004E1,9.423301553E1,2.820662686E0,1.951179621E2,4.703045393E0,5.052927127E0
2.572613938E2,6.061546856E1,2.485323156E1,9.472215050E1,2.906105499E0,2.012312039E2,4.623306860E0,5.008645620E0
2.582613798E2,6.061544177E1,2.485321078E1,9.520506771E1,2.776905866E0,2.025625986E2,4.596948593E0,4.945609319E0
2.592613775E2,6.061541753E1,2.485318847E1,9.517779568E1,2.640586460E0,2.050386714E2,4.562734257E0,4.930903212E0
2.602613742E2,6.061538842E1,2.485317604E1,9.513881445E1,2.701925678E0,1.984411642E2,4.553393261E0,5.023519803E0
2.612613590E2,6.061536112E1,2.485316746E1,9.529681511E1,2.661059468E0,1.932462310E2,4.513400138E0,4.887562208E0
2.622613420E2,6.061533330E1,2.485315889E1,9.522394969E1,2.682374622E0,1.894517722E2,4.515769501E0,4.876284961E0
2.632613266E2,6.061530599E1,2.485313361E1,9.589274789E1,2.745946621E0,1.966263356E2,4.517162703E0,4.910455419E0
2.642613114E2,6.061528468E1,2.485310993E1,9.575406262E1,2.563943770E0,2.024116359E2,4.483915143E0,4.925447982E0
2.652612970E2,6.061525014E1,2.485308675E1,9.537998725E1,2.968387028E0,2.000569019E2,4.453578149E0,4.945615345E0
2.662612832E2,6.061522242E1,2.485306080E1,9.514385886E1,2.954489938E0,2.025837137E2,4.425867710E0,4.894597832E0
2.672612699E2,6.061520065E1,2.485304638E1,9.462897810E1,2.456605062E0,1.997105541E2,4.418082960E0,4.833875066E0
2.682612579E2,6.061517261E1,2.485303837E1,9.509137641E1,2.541000690E0,1.930001903E2,4.332578004E0,4.771913793E0
2.692612441E2,6.061514799E1,2.485300979E1,9.511771156E1,2.587730408E0,2.023392648E2,4.277213711E0,4.760595802E0
2.702612325E2,6.061511916E1,2.485298859E1,9.534094622E1,2.794444444E0,2.015820559E2,4.259920310E0,4.708270617E0
2.712612206E2,6.061508707E1,2.485297416E1,9.500495728E1,2.961788588E0,1.964232122E2,4.248957886E0,4.706375380E0
2.722612096E2,6.061506576E1,2.485295014E1,9.442425205E1,2.650933723E0,2.011335456E2,4.217644776E0,4.652407920E0
2.732611980E2,6.061503956E1,2.485292236E1,9.429860670E1,2.713380075E0,2.043639879E2,4.193281838E0,4.684932304E0
2.742611877E2,6.061501188E1,2.485290581E1,9.431410056E1,2.712367753E0,2.004794808E2,4.185556540E0,4.692120647E0
2.752611766E2,6.061498865E1,2.485289461E1,9.460651379E1,2.481158332E0,1.964463620E2,4.124765890E0,4.853765612E0
2.762611663E2,6.061495979E1,2.485287846E1,9.467989113E1,2.623605827E0,1.971462385E2,4.064387162E0,4.549859802E0
2.772611561E2,6.061493221E1,2.485285988E1,9.474257968E1,2.746433734E0,1.981226983E2,4.063579347E0,4.750957287E0
2.782611459E2,6.061490460E1,2.485284359E1,9.450394866E1,2.825094583E0,1.969426617E2,4.017121708E0,4.732254599E0
2.792611367E2,6.061487368E1,2.485284595E1,9.398816172E1,2.923598473E0,1.857130250E2,3.966476786E0,4.650135684E0
2.802611281E2,6.061485187E1,2.485283562E1,9.457609549E1,2.588590930E0,1.861314468E2,4.029648496E0,4.625532609E0
2.812611177E2,6.061482516E1,2.485282940E1,9.446480348E1,2.584823326E0,1.864700022E2,3.990751597E0,4.544776294E0
2.822611092E2,6.061480200E1,2.485282783E1,9.378005178E1,2.468496485E0,1.846158245E2,3.949142651E0,4.522417893E0
2.832611009E2,6.061477718E1,2.485282670E1,9.374606627E1,2.482828910E0,1.826339050E2,3.943515369E0,4.490350223E0
2.842610915E2,6.061474367E1,2.485283962E1,9.360345715E1,2.974263113E0,1.731295297E2,3.935574312E0,4.509798229E0
2.852610832E2,6.061471827E1,2.485285382E1,9.350725286E1,2.882693257E0,1.664269518E2,3.907422908E0,4.355382152E0
2.862610745E2,6.061469203E1,2.485287562E1,9.287161820E1,2.879936059E0,1.598103507E2,3.881753699E0,4.266637385E0
2.872610664E2,6.061468328E1,2.485292583E1,9.370577746E1,2.625163808E0,1.336969786E2,3.874502361E0,4.067955133E0
2.882610589E2,6.061470300E1,2.485293737E1,9.279451450E1,1.506249150E0,7.892281933E1,3.925748683E0,4.142607695E0
2.892610508E2,6.061470957E1,2.485299917E1,9.297051984E1,2.120328077E0,6.844918776E1,4.059877026E0,4.070696235E0
2.902610422E2,6.061471672E1,2.485306516E1,9.348902033E1,2.729269026E0,6.967507799E1,4.084276946E0,4.285905872E0
2.912610348E2,6.061473860E1,2.485311172E1,9.419780371E1,2.886384291E0,5.680601202E1,4.137852097E0,4.399770745E0
2.922610276E2,6.061475877E1,2.485315307E1,9.437335810E1,3.004532791E0,4.691827937E1,4.132313265E0,4.357446648E0
2.932610201E2,6.061477620E1,2.485318925E1,9.422879152E1,2.792300836E0,4.412483515E1,4.053652210E0,4.376794407E0
2.942610118E2,6.061479719E1,2.485322540E1,9.456641383E1,2.679672882E0,4.271076724E1,4.019302052E0,4.394959239E0
2.952610055E2,6.061482328E1,2.485326514E1,9.436863344E1,2.792405536E0,4.167772778E1,4.023921542E0,4.451532334E0
2.962609980E2,6.061484018E1,2.485332289E1,9.475680088E1,2.959586196E0,5.016887715E1,4.016960786E0,4.442959173E0
2.972609898E2,6.061486089E1,2.485336910E1,9.497292412E1,2.953255620E0,4.726401770E1,4.033008260E0,4.459129545E0
2.982609830E2,6.061487789E1,2.485340724E1,9.552092400E1,2.657420682E0,4.852635810E1,4.032386870E0,4.405806253E0
2.992609750E2,6.061489234E1,2.485345654E1,9.555405182E1,2.598039439E0,5.413464339E1,4.100393859E0,4.451389300E0
3.002609677E2,6.061491858E1,2.485350403E1,9.551265118E1,2.931851816E0,4.673642534E1,4.102821830E0,4.448602776E0
3.012609617E2,6.061493334E1,2.485355575E1,9.573303735E1,2.902263986E0,5.261617465E1,4.096162825E0,4.437759883E0
3.022609543E2,6.061494502E1,2.485361180E1,9.636409802E1,2.845840696E0,5.943263607E1,4.044042371E0,4.325406912E0
3.032609475E2,6.061495847E1,2.485365288E1,9.591807046E1,2.623545231E0,5.903505761E1,4.023798871E0,4.197289272E0
3.042609406E2,6.061496332E1,2.485369258E1,9.543482709E1,2.344810281E0,6.811951259E1,4.047812780E0,3.938650698E0
3.052609332E2,6.061498796E1,2.485373347E1,9.490512489E1,2.496121958E0,5.577168292E1,4.012561301E0,4.457334404E0
3.062609272E2,6.061500759E1,2.485377539E1,9.449763413E1,2.624891009E0,4.675899000E1,3.990554203E0,4.359016987E0
3.072609199E2,6.061501967E1,2.485382984E1,9.563240353E1,2.775372889E0,5.480971708E1,4.020910243E0,4.364731883E0
3.082609130E2,6.061504294E1,2.485386807E1,9.569474926E1,2.924387005E0,4.472277047E1,4.030657335E0,4.368805034E0
3.092609061E2,6.061505325E1,2.485388931E1,9.566858550E1,2.303570802E0,4.080760267E1,3.991391778E0,4.286736760E0
3.102608998E2,6.061506512E1,2.485391483E1,9.465425919E1,1.982386611E0,4.065443206E1,4.028656133E0,4.369313696E0
3.112608932E2,6.061509562E1,2.485395761E1,9.472881170E1,2.756161926E0,3.564756853E1,4.027455362E0,4.422516604E0
3.122608869E2,6.061511346E1,2.485398182E1,9.531733647E1,2.388345034E0,3.451352638E1,3.989740694E0,4.380199649E0
3.132608800E2,6.061513133E1,2.485403566E1,9.522781822E1,2.598769453E0,4.982292235E1,3.987006567E0,4.371737020E0
3.142608724E2,6.061516097E1,2.485406574E1,9.627837274E1,2.852533598E0,3.664078244E1,3.990268705E0,4.383415300E0
3.152608668E2,6.061517661E1,2.485410751E1,9.622874524E1,2.656007168E0,4.564484443E1,3.989975784E0,4.308340389E0
3.162608602E2,6.061520070E1,2.485415084E1,9.648497323E1,2.846424167E0,4.592785190E1,3.974292965E0,4.283317152E0
3.172608533E2,6.061524293E1,2.485417927E1,9.732781176E1,3.425651157E0,2.841839346E1,3.975502281E0,4.233254249E0
3.182608470E2,6.061526386E1,2.485421233E1,9.696428324E1,2.995537569E0,3.454213320E1,3.956602708E0,4.243183903E0
3.192608407E2,6.061528834E1,2.485424886E1,9.743066018E1,3.021227590E0,3.784043648E1,3.901555352E0,4.232966650E0
3.202608339E2,6.061530195E1,2.485428931E1,9.703077194E1,2.676105702E0,4.725780787E1,3.886959117E0,4.255117298E0
3.212608275E2,6.061533093E1,2.485432565E1,9.883361791E1,2.954694755E0,3.940990323E1,3.860106122E0,4.201724421E0
3.222608205E2,6.061536344E1,2.485434398E1,9.936325375E1,2.960588197E0,2.535245366E1,3.806934237E0,4.086807427E0
3.232608145E2,6.061538498E1,2.485438200E1,9.877409091E1,2.831308908E0,3.276106795E1,3.796784478E0,4.112808618E0
3.242608074E2,6.061541183E1,2.485440805E1,9.960626270E1,2.815897581E0,2.989910149E1,3.768591124E0,4.054680831E0
3.252608014E2,6.061543173E1,2.485442802E1,9.953436384E1,2.531647232E0,2.817560853E1,3.680161572E0,3.933237000E0
3.262607955E2,6.061545669E1,2.485444894E1,9.990952531E1,2.747069826E0,2.360814942E1,3.631908061E0,3.897515096E0
3.272607887E2,6.061548745E1,2.485445624E1,9.924585319E1,3.014945664E0,1.411987355E1,3.645402818E0,3.930589234E0
3.282607831E2,6.061551802E1,2.485445546E1,9.934080476E1,3.086736195E0,4.948044464E0,3.659803142E0,3.948789230E0
3.292607760E2,6.061555220E1,2.485444835E1,1.001591117E2,3.378753831E0,3.574310857E2,3.635536216E0,3.895701664E0
3.302607690E2,6.061557938E1,2.485444361E1,9.966232965E1,3.055841633E0,3.556742763E2,3.606077901E0,3.851667632E0
3.312607642E2,6.061560990E1,2.485443863E1,9.958809116E1,3.055826905E0,3.552900727E2,3.590525040E0,3.848009347E0
3.322607571E2,6.061564530E1,2.485444114E1,9.968627074E1,3.332490198E0,3.592903099E2,3.554537049E0,3.803314879E0
3.332607508E2,6.061567112E1,2.485446687E1,9.961392840E1,3.101076754E0,1.142157630E1,3.515979933E0,3.803697719E0
3.342607443E2,6.061570113E1,2.485447712E1,1.000113260E2,3.150390726E0,1.119480599E1,3.471686814E0,3.902991744E0
3.352607381E2,6.061572601E1,2.485448728E1,9.993734604E1,2.873899337E0,1.156909629E1,3.455626771E0,3.929682226E0
3.362607319E2,6.061575638E1,2.485451633E1,1.003699633E2,3.039547749E0,2.036037242E1,3.409304554E0,3.842558007E0
3.372607253E2,6.061579183E1,2.485452628E1,1.009426575E2,3.152473725E0,1.474147725E1,3.390201901E0,3.885229924E0
3.382607203E2,6.061581704E1,2.485455402E1,1.018588375E2,2.979900265E0,2.298927126E1,3.363647282E0,3.802395461E0
3.392607131E2,6.061584211E1,2.485460415E1,1.012526373E2,3.266092196E0,3.625908503E1,3.328124426E0,3.733412725E0
3.402607068E2,6.061586156E1,2.485463933E1,1.009638810E2,2.968992807E0,3.838980225E1,3.314387377E0,3.737506754E0
3.412606997E2,6.061588698E1,2.485468172E1,1.012653831E2,3.020763959E0,3.724224079E1,3.304121556E0,3.716804449E0
3.422606940E2,6.061591646E1,2.485472014E1,1.010836115E2,3.218178255E0,3.452725507E1,3.257894224E0,3.648746592E0
3.432606874E2,6.061593796E1,2.485474654E1,1.007620569E2,2.869978137E0,3.342518199E1,3.216746021E0,3.630922600E0
3.442606814E2,6.061596700E1,2.485478016E1,1.001231813E2,3.048569863E0,3.179507859E1,3.224602936E0,3.619585353E0
3.452606747E2,6.061600215E1,2.485481410E1,1.001108073E2,3.460896608E0,2.776128439E1,3.244267692E0,3.709697890E0
3.462606685E2,6.061602367E1,2.485484601E1,9.996241990E1,3.056249612E0,3.064191703E1,3.277266193E0,3.700111551E0
3.472606623E2,6.061605036E1,2.485487623E1,1.002559292E2,3.024685551E0,2.994623032E1,3.270052588E0,3.655076498E0
3.482606562E2,6.061607492E1,2.485490953E1,9.957192123E1,2.928145839E0,3.268690715E1,3.224633728E0,3.617519556E0
3.492606510E2,6.061610748E1,2.485494345E1,9.922953848E1,3.248692299E0,3.000447234E1,3.209703474E0,3.532027604E0
3.502606438E2,6.061614852E1,2.485496056E1,9.925327014E1,3.578266732E0,1.786246045E1,3.183259706E0,3.522090761E0
3.512606373E2,6.061616863E1,2.485499114E1,9.896992800E1,2.993642570E0,2.401380716E1,3.176468283E0,3.535792153E0
3.522606312E2,6.061620524E1,2.485500611E1,9.980822734E1,3.146121553E0,1.543782717E1,3.211205408E0,3.614059780E0
3.532606250E2,6.061624125E1,2.485502010E1,1.000752499E2,3.207414620E0,1.222008340E1,3.218147701E0,3.653606081E0
3.542606192E2,6.061627361E1,2.485504972E1,1.005020407E2,3.195669228E0,1.847192793E1,3.217331384E0,3.631931029E0
3.552606125E2,6.061630441E1,2.485506977E1,1.003146282E2,3.194257553E0,1.814970677E1,3.194791317E0,3.573103126E0
3.562606061E2,6.061632686E1,2.485511015E1,9.995197976E1,3.107266477E0,2.865111305E1,3.177903053E0,3.557114636E0
3.572606007E2,6.061635934E1,2.485513345E1,1.000849549E2,3.325655602E0,2.452641184E1,3.172024767E0,3.570443645E0
3.582606027E2,6.061639011E1,2.485513710E1,9.988568101E1,3.242718448E0,1.543376749E1,3.191197613E0,3.621367805E0
3.592605877E2,6.061641699E1,2.485515464E1,9.965784478E1,3.122904715E0,1.582160567E1,3.158786719E0,3.641662867E0
3.602605819E2,6.061644682E1,2.485517351E1,9.881434707E1,3.188483501E0,1.664036639E1,3.130862361E0,3.664219726E0
3.612605753E2,6.061647273E1,2.485517540E1,9.915750007E1,2.934936116E0,1.030309703E1,3.129213312E0,3.625416124E0
3.622605689E2,6.061650840E1,2.485518448E1,9.861991879E1,3.233787100E0,7.683462934E0,3.112092891E0,3.605366384E0
3.632605625E2,6.061653602E1,2.485519806E1,9.772850740E1,3.093704849E0,9.858433704E0,3.096102167E0,3.719446385E0
3.642605566E2,6.061656375E1,2.485520911E1,9.786096901E1,3.001320058E0,1.045391432E1,3.055082310E0,3.667915551E0
3.652605505E2,6.061659868E1,2.485523121E1,9.777496515E1,3.377069362E0,1.469984477E1,3.051191386E0,3.638073162E0
3.662605448E2,6.061662616E1,2.485524608E1,9.781326944E1,3.104215988E0,1.470134010E1,3.060892619E0,3.652043533E0
3.672605387E2,6.061665879E1,2.485526083E1,9.755813129E1,3.253841372E0,1.516219050E1,3.032780000E0,3.619968227E0
3.682605320E2,6.061670327E1,2.485526128E1,9.845887202E1,3.756615240E0,7.541448298E0,3.041910771E0,3.612107590E0
3.692605262E2,6.061672894E1,2.485526206E1,9.808934068E1,3.198245917E0,5.691064659E0,3.046470932E0,3.626180646E0
3.702605190E2,6.061675629E1,2.485527748E1,9.692703234E1,3.034297821E0,1.164176104E1,3.028872285E0,3.610898354E0
3.712605131E2,6.061679443E1,2.485527679E1,9.753682341E1,3.423504104E0,4.941471968E0,2.996651827E0,3.533461698E0
3.722605062E2,6.061681993E1,2.485528563E1,9.650208796E1,3.125959482E0,6.868479279E0,3.003426037E0,3.593085895E0
3.732612641E2,6.061685245E1,2.485531283E1,9.671911430E1,3.349375109E0,1.600553427E1,3.010182131E0,3.641044592E0
3.742612635E2,6.061687636E1,2.485530857E1,9.745084150E1,2.913195445E0,7.266110733E0,3.022926419E0,3.665184196E0
3.752612625E2,6.061690752E1,2.485533035E1,9.721597443E1,3.116344184E0,1.281336730E1,3.015551134E0,3.700486991E0
3.762612743E2,6.061693486E1,2.485534659E1,9.628270912E1,3.081472481E0,1.549390881E1,2.984316521E0,3.654646285E0
3.772612861E2,6.061696107E1,2.485534437E1,9.581743632E1,2.951073880E0,6.394403261E0,2.980813578E0,3.640685509E0
3.782612885E2,6.061699103E1,2.485535310E1,9.651510817E1,3.081873329E0,5.988366706E0,2.964930698E0,3.587724232E0
3.792612989E2,6.061701761E1,2.485535683E1,9.574562617E1,3.016059089E0,3.985784196E0,2.926155985E0,3.560697962E0
3.802613075E2,6.061704200E1,2.485534644E1,9.574034332E1,2.791631399E0,3.562027078E2,2.887839283E0,3.560265214E0
3.812613099E2,6.061707454E1,2.485532590E1,9.597334032E1,3.129929784E0,3.470860179E2,2.869003016E0,3.451408833E0
3.822613182E2,6.061709891E1,2.485530743E1,9.569939800E1,2.897350340E0,3.418299430E2,2.825552889E0,3.349739844E0
3.832613281E2,6.061712801E1,2.485529535E1,9.628617308E1,2.999558925E0,3.462508444E2,2.839444082E0,3.333021713E0
3.842613286E2,6.061715544E1,2.485525008E1,9.572908991E1,3.267858606E0,3.341280506E2,2.823733340E0,3.272538203E0
3.852613393E2,6.061717336E1,2.485520339E1,9.709350524E1,3.131658928E0,3.189706293E2,2.823677641E0,3.218310499E0
3.862613481E2,6.061717585E1,2.485513373E1,9.782287714E1,3.179701173E0,2.931227352E2,2.847574210E0,3.180033764E0
3.872613465E2,6.061717562E1,2.485506795E1,9.814446855E1,3.178884428E0,2.760634028E2,2.846043230E0,3.107575166E0
3.882613429E2,6.061718724E1,2.485501864E1,9.813792551E1,3.021110575E0,2.842596332E2,2.821123553E0,3.156157938E0
3.892613394E2,6.061719477E1,2.485497271E1,9.791775501E1,2.821645803E0,2.896047788E2,2.849490264E0,3.215141418E0
3.902613366E2,6.061720125E1,2.485492352E1,9.771926488E1,2.763127893E0,2.894219912E2,2.860581603E0,3.256144876E0
3.912613336E2,6.061720444E1,2.485487912E1,9.761369813E1,2.561958416E0,2.869318688E2,2.873486663E0,3.245701447E0
3.922613304E2,6.061721071E1,2.485483319E1,9.807330927E1,2.551714129E0,2.868154277E2,2.867669217E0,3.351133578E0
3.932613269E2,6.061720905E1,2.485477118E1,9.810908782E1,2.884393851E0,2.759801822E2,2.837458468E0,3.261760403E0
3.942613225E2,6.061721397E1,2.485470954E1,9.787687047E1,3.092177179E0,2.771828496E2,2.820595955E0,3.179923925E0
3.952613192E2,6.061721943E1,2.485466337E1,9.797853880E1,2.822138995E0,2.810801281E2,2.869405102E0,3.256211763E0
3.962613153E2,6.061721868E1,2.485460338E1,9.810112290E1,2.940412543E0,2.759201095E2,2.888394583E0,3.236702222E0
3.972613099E2,6.061722774E1,2.485453433E1,9.756756546E1,3.273094409E0,2.821214008E2,2.890706263E0,3.261082258E0
3.982613065E2,6.061722659E1,2.485447528E1,9.824746474E1,3.088621619E0,2.771352372E2,2.881423350E0,3.210839061E0
3.992613021E2,6.061723158E1,2.485442529E1,9.804763564E1,2.821170546E0,2.793103498E2,2.840478660E0,3.165680464E0
4.002612981E2,6.061724171E1,2.485436023E1,9.793188880E1,3.115304415E0,2.848279045E2,2.860422421E0,3.205736732E0
4.012612954E2,6.061724726E1,2.485430680E1,9.842025912E1,3.019846699E0,2.864330312E2,2.879980922E0,3.156601033E0
4.022612880E2,6.061725160E1,2.485425114E1,9.790548350E1,2.960295979E0,2.835676605E2,2.846337819E0,3.076585616E0
4.032612841E2,6.061726088E1,2.485420589E1,9.933159947E1,2.729831681E0,2.874142955E2,2.841830505E0,3.104810785E0
4.042612785E2,6.061725864E1,2.485415166E1,9.961548214E1,2.682000680E0,2.747439259E2,2.869743289E0,3.123983807E0
4.052612741E2,6.061725945E1,2.485408851E1,1.002068312E2,2.893684686E0,2.721272633E2,2.881606799E0,3.188626442E0
4.062612687E2,6.061726795E1,2.485402442E1,9.940625067E1,3.060589437E0,2.787116764E2,2.871712748E0,3.221628239E0
4.072612640E2,6.061727381E1,2.485397033E1,9.890004296E1,2.923871974E0,2.825241149E2,2.848361120E0,3.141643238E0
4.082612585E2,6.061728258E1,2.485392869E1,9.952652555E1,2.682535542E0,2.908803545E2,2.806459716E0,3.133937281E0
4.092612540E2,6.061728223E1,2.485390109E1,9.870233353E1,2.067595088E0,2.861005751E2,2.813609226E0,3.130631426E0